uuid_parent;uuid;action;fin_serie;num_bag;num_bag2;num_bag3;bague;sex;age_plume;tarsed;poids;collect;meas_com;id_img;more_chicks
uuid:61b236a6-4af7-4068-b1bb-a311d7fe1f69;uuid:61b236a6-4af7-4068-b1bb-a311d7fe1f69/poussin[1];bcj;4203;10174203;NA;NA;10174203;NA;15;17.3;10.2;;;;oui
uuid:61b236a6-4af7-4068-b1bb-a311d7fe1f69;uuid:61b236a6-4af7-4068-b1bb-a311d7fe1f69/poussin[2];bcj;4204;10174204;NA;NA;10174204;NA;15.5;17.7;10.8;;;;oui
uuid:61b236a6-4af7-4068-b1bb-a311d7fe1f69;uuid:61b236a6-4af7-4068-b1bb-a311d7fe1f69/poussin[3];bcj;4205;10174205;NA;NA;10174205;NA;15;17.2;10.2;;;;oui
uuid:61b236a6-4af7-4068-b1bb-a311d7fe1f69;uuid:61b236a6-4af7-4068-b1bb-a311d7fe1f69/poussin[4];bcj;4206;10174206;NA;NA;10174206;NA;15;17.2;11.2;;;;oui
uuid:61b236a6-4af7-4068-b1bb-a311d7fe1f69;uuid:61b236a6-4af7-4068-b1bb-a311d7fe1f69/poussin[5];bcj;4207;10174207;NA;NA;10174207;NA;15;17.1;10.7;;;;oui
uuid:61b236a6-4af7-4068-b1bb-a311d7fe1f69;uuid:61b236a6-4af7-4068-b1bb-a311d7fe1f69/poussin[6];bcj;4208;10174208;NA;NA;10174208;NA;15;17.2;10.2;;;;oui
uuid:61b236a6-4af7-4068-b1bb-a311d7fe1f69;uuid:61b236a6-4af7-4068-b1bb-a311d7fe1f69/poussin[7];bcj;4209;10174209;NA;NA;10174209;NA;15;17.1;10;;;;non
uuid:89f0624d-2405-40f5-9d6b-1b08fd088d07;uuid:89f0624d-2405-40f5-9d6b-1b08fd088d07/poussin[1];bcj;601;10423601;NA;NA;10423601;3;15;17.86;10.8;;;;oui
uuid:89f0624d-2405-40f5-9d6b-1b08fd088d07;uuid:89f0624d-2405-40f5-9d6b-1b08fd088d07/poussin[2];bcj;602;10423602;NA;NA;10423602;3;15;17.3;10.7;;;;oui
uuid:89f0624d-2405-40f5-9d6b-1b08fd088d07;uuid:89f0624d-2405-40f5-9d6b-1b08fd088d07/poussin[3];bcj;603;10423603;NA;NA;10423603;3;13;16.8;10.3;;;;oui
uuid:89f0624d-2405-40f5-9d6b-1b08fd088d07;uuid:89f0624d-2405-40f5-9d6b-1b08fd088d07/poussin[4];bcj;604;10423604;NA;NA;10423604;3;13.5;17.51;10.2;;;;oui
uuid:89f0624d-2405-40f5-9d6b-1b08fd088d07;uuid:89f0624d-2405-40f5-9d6b-1b08fd088d07/poussin[5];bcj;605;10423605;NA;NA;10423605;3;14;17.22;10.3;;;;oui
uuid:89f0624d-2405-40f5-9d6b-1b08fd088d07;uuid:89f0624d-2405-40f5-9d6b-1b08fd088d07/poussin[6];bcj;606;10423606;NA;NA;10423606;3;14;16.9;NA;;;;oui
uuid:89f0624d-2405-40f5-9d6b-1b08fd088d07;uuid:89f0624d-2405-40f5-9d6b-1b08fd088d07/poussin[7];bcj;607;10423607;NA;NA;10423607;3;13.5;16.18;9.6;;;;oui
uuid:89f0624d-2405-40f5-9d6b-1b08fd088d07;uuid:89f0624d-2405-40f5-9d6b-1b08fd088d07/poussin[8];bcj;608;10423608;NA;NA;10423608;3;15;17.3;10.3;;;;oui
uuid:89f0624d-2405-40f5-9d6b-1b08fd088d07;uuid:89f0624d-2405-40f5-9d6b-1b08fd088d07/poussin[9];bcj;609;10423609;NA;NA;10423609;3;14.5;16.68;10;;;;oui
uuid:89f0624d-2405-40f5-9d6b-1b08fd088d07;uuid:89f0624d-2405-40f5-9d6b-1b08fd088d07/poussin[10];bcj;610;10423610;NA;NA;10423610;3;14.5;16.7;10.6;;;;oui
uuid:89f0624d-2405-40f5-9d6b-1b08fd088d07;uuid:89f0624d-2405-40f5-9d6b-1b08fd088d07/poussin[11];bcj;611;10423611;NA;NA;10423611;3;14.5;16.96;10.6;;;;non
uuid:a778b270-ed69-41d0-8590-da7e45aebeb4;uuid:a778b270-ed69-41d0-8590-da7e45aebeb4/poussin[1];bcj;429;V041429;NA;NA;V041429;3;12;18.4;11.3;;;;oui
uuid:a778b270-ed69-41d0-8590-da7e45aebeb4;uuid:a778b270-ed69-41d0-8590-da7e45aebeb4/poussin[2];bcj;430;V041430;NA;NA;V041430;3;13.5;18.85;13.6;Sang aile 5 ul;;;non
uuid:0b2a7a5f-6c6b-4517-98b5-d806ab209c05;uuid:0b2a7a5f-6c6b-4517-98b5-d806ab209c05/poussin[1];bcj;426;V041426;NA;NA;V041426;3;14;20.2;17.3;Sang aile 7ul;;;oui
uuid:0b2a7a5f-6c6b-4517-98b5-d806ab209c05;uuid:0b2a7a5f-6c6b-4517-98b5-d806ab209c05/poussin[2];bcj;427;V041427;NA;NA;V041427;3;14;19.8;17.5;;;;oui
uuid:0b2a7a5f-6c6b-4517-98b5-d806ab209c05;uuid:0b2a7a5f-6c6b-4517-98b5-d806ab209c05/poussin[3];bcj;728;V041728;NA;NA;V041728;3;14.5;18.8;16.4;Sang aile 7 ul;;;non
uuid:92e290b6-360e-4f57-b169-e1fbef883ec7;uuid:92e290b6-360e-4f57-b169-e1fbef883ec7/poussin[1];bcj;714;V041714;NA;NA;V041714;3;15;20.1;15.4;;;;oui
uuid:92e290b6-360e-4f57-b169-e1fbef883ec7;uuid:92e290b6-360e-4f57-b169-e1fbef883ec7/poussin[2];bcj;715;V041715;NA;NA;V041715;3;15;20.4;16.5;;;;oui
uuid:92e290b6-360e-4f57-b169-e1fbef883ec7;uuid:92e290b6-360e-4f57-b169-e1fbef883ec7/poussin[3];bcj;716;V041716;NA;NA;V041716;3;15;19.1;15.1;;;;oui
uuid:92e290b6-360e-4f57-b169-e1fbef883ec7;uuid:92e290b6-360e-4f57-b169-e1fbef883ec7/poussin[4];bcj;717;V041717;NA;NA;V041717;3;15;19.9;14.6;;;;oui
uuid:92e290b6-360e-4f57-b169-e1fbef883ec7;uuid:92e290b6-360e-4f57-b169-e1fbef883ec7/poussin[5];bcj;718;V041718;NA;NA;V041718;3;14;20.1;13.4;;;;oui
uuid:92e290b6-360e-4f57-b169-e1fbef883ec7;uuid:92e290b6-360e-4f57-b169-e1fbef883ec7/poussin[6];bcj;719;V041719;NA;NA;V041719;3;15;20.5;16.1;;;;oui
uuid:92e290b6-360e-4f57-b169-e1fbef883ec7;uuid:92e290b6-360e-4f57-b169-e1fbef883ec7/poussin[7];bcj;720;V041720;NA;NA;V041720;3;15;19.8;15.5;;;;oui
uuid:92e290b6-360e-4f57-b169-e1fbef883ec7;uuid:92e290b6-360e-4f57-b169-e1fbef883ec7/poussin[8];bcj;721;V041721;NA;NA;V041721;3;15;19.4;15.5;;;;non
uuid:be3b1596-14f9-439f-9c64-1bd12338c63b;uuid:be3b1596-14f9-439f-9c64-1bd12338c63b/poussin[1];bcj;424;V041424;NA;NA;V041424;3;15;19.2;13.3;;;;oui
uuid:be3b1596-14f9-439f-9c64-1bd12338c63b;uuid:be3b1596-14f9-439f-9c64-1bd12338c63b/poussin[2];bcj;425;V041425;NA;NA;V041425;3;15;19.25;12.6;;;;non
uuid:2a19dcca-7680-4122-a9f8-959a31425a29;uuid:2a19dcca-7680-4122-a9f8-959a31425a29/poussin[1];bcj;112;9485112;NA;NA;9485112;NA;14;16.6;11.2;;;;oui
uuid:2a19dcca-7680-4122-a9f8-959a31425a29;uuid:2a19dcca-7680-4122-a9f8-959a31425a29/poussin[2];bcj;113;9485113;NA;NA;9485113;NA;14;16.1;10.6;;;;oui
uuid:2a19dcca-7680-4122-a9f8-959a31425a29;uuid:2a19dcca-7680-4122-a9f8-959a31425a29/poussin[3];bcj;114;9485114;NA;NA;9485114;NA;13.5;15.9;10.3;;;;oui
uuid:2a19dcca-7680-4122-a9f8-959a31425a29;uuid:2a19dcca-7680-4122-a9f8-959a31425a29/poussin[4];bcj;115;9485115;NA;NA;9485115;NA;13;15.8;10.7;;;;oui
uuid:2a19dcca-7680-4122-a9f8-959a31425a29;uuid:2a19dcca-7680-4122-a9f8-959a31425a29/poussin[5];bcj;116;9485116;NA;NA;9485116;3;14.5;16.4;10.6;;;;oui
uuid:2a19dcca-7680-4122-a9f8-959a31425a29;uuid:2a19dcca-7680-4122-a9f8-959a31425a29/poussin[6];bcj;117;9485117;NA;NA;9485117;3;13.5;16;9.6;;;;oui
uuid:2a19dcca-7680-4122-a9f8-959a31425a29;uuid:2a19dcca-7680-4122-a9f8-959a31425a29/poussin[7];bcj;118;9485118;NA;NA;9485118;3;14.5;16.3;10.9;;;;non
uuid:fcd4379f-b579-484b-acb2-a428f7f31f08;uuid:fcd4379f-b579-484b-acb2-a428f7f31f08/poussin[1];bcj;706;V041706;NA;NA;V041706;3;15;19.3;16.3;;;;oui
uuid:fcd4379f-b579-484b-acb2-a428f7f31f08;uuid:fcd4379f-b579-484b-acb2-a428f7f31f08/poussin[2];bcj;707;V041707;NA;NA;V041707;3;15;19.6;15.9;;;;oui
uuid:fcd4379f-b579-484b-acb2-a428f7f31f08;uuid:fcd4379f-b579-484b-acb2-a428f7f31f08/poussin[3];bcj;708;V041708;NA;NA;V041708;3;15;19.9;16.1;;;;oui
uuid:fcd4379f-b579-484b-acb2-a428f7f31f08;uuid:fcd4379f-b579-484b-acb2-a428f7f31f08/poussin[4];bcj;709;V041709;NA;NA;V041709;3;13;NA;14.5;;;;oui
uuid:fcd4379f-b579-484b-acb2-a428f7f31f08;uuid:fcd4379f-b579-484b-acb2-a428f7f31f08/poussin[5];bcj;710;V041710;NA;NA;V041710;3;13;NA;13.9;;;;oui
uuid:fcd4379f-b579-484b-acb2-a428f7f31f08;uuid:fcd4379f-b579-484b-acb2-a428f7f31f08/poussin[6];bcj;711;V041711;NA;NA;V041711;3;14;19.25;14.9;;;;oui
uuid:fcd4379f-b579-484b-acb2-a428f7f31f08;uuid:fcd4379f-b579-484b-acb2-a428f7f31f08/poussin[7];bcj;712;V041712;NA;NA;V041712;3;13;NA;14.1;;;;oui
uuid:fcd4379f-b579-484b-acb2-a428f7f31f08;uuid:fcd4379f-b579-484b-acb2-a428f7f31f08/poussin[8];bcj;713;V041713;NA;NA;V041713;3;14;20.1;16.5;;;;non
uuid:822011fe-2a5f-420a-bd0c-4705904bc3c0;uuid:822011fe-2a5f-420a-bd0c-4705904bc3c0/poussin[1];bcj;422;V041422;NA;NA;V041422;3;14;19.8;13.4;;;;oui
uuid:822011fe-2a5f-420a-bd0c-4705904bc3c0;uuid:822011fe-2a5f-420a-bd0c-4705904bc3c0/poussin[2];bcj;423;V041423;NA;NA;V041423;3;13.5;19.8;13.5;;;;non
uuid:c6eac84b-d285-409a-b6e3-c0db80784561;uuid:c6eac84b-d285-409a-b6e3-c0db80784561/poussin[1];bcj;786;V040786;NA;NA;V040786;NA;13;19.23;14.8;;;;oui
uuid:c6eac84b-d285-409a-b6e3-c0db80784561;uuid:c6eac84b-d285-409a-b6e3-c0db80784561/poussin[2];bcj;787;V040787;NA;NA;V040787;NA;13.5;17.4;13;;;;oui
uuid:c6eac84b-d285-409a-b6e3-c0db80784561;uuid:c6eac84b-d285-409a-b6e3-c0db80784561/poussin[3];bcj;788;V040788;NA;NA;V040788;NA;14;18.88;15.2;;;;oui
uuid:c6eac84b-d285-409a-b6e3-c0db80784561;uuid:c6eac84b-d285-409a-b6e3-c0db80784561/poussin[4];bcj;789;V040789;NA;NA;V040789;NA;14;17.88;14.9;;;;oui
uuid:c6eac84b-d285-409a-b6e3-c0db80784561;uuid:c6eac84b-d285-409a-b6e3-c0db80784561/poussin[5];bcj;790;V040790;NA;NA;V040790;NA;14;18.51;15.8;;;;oui
uuid:c6eac84b-d285-409a-b6e3-c0db80784561;uuid:c6eac84b-d285-409a-b6e3-c0db80784561/poussin[6];bcj;791;V040791;NA;NA;V040791;NA;13;18.92;13;;;;non
uuid:ea2886e4-abb6-4e47-bc5a-ad3c395c0ca5;uuid:ea2886e4-abb6-4e47-bc5a-ad3c395c0ca5/poussin[1];bcj;780;V040780;NA;NA;V040780;3;14.5;21.03;17;;;1777530464998.jpg;oui
uuid:ea2886e4-abb6-4e47-bc5a-ad3c395c0ca5;uuid:ea2886e4-abb6-4e47-bc5a-ad3c395c0ca5/poussin[2];bcj;781;V040781;NA;NA;V040781;NA;14;19.33;14.2;;;;oui
uuid:ea2886e4-abb6-4e47-bc5a-ad3c395c0ca5;uuid:ea2886e4-abb6-4e47-bc5a-ad3c395c0ca5/poussin[3];bcj;782;V040782;NA;NA;V040782;NA;14.5;19.22;14.3;;;;oui
uuid:ea2886e4-abb6-4e47-bc5a-ad3c395c0ca5;uuid:ea2886e4-abb6-4e47-bc5a-ad3c395c0ca5/poussin[4];bcj;783;V040783;NA;NA;V040783;NA;14.5;19.43;15;;;;oui
uuid:ea2886e4-abb6-4e47-bc5a-ad3c395c0ca5;uuid:ea2886e4-abb6-4e47-bc5a-ad3c395c0ca5/poussin[5];bcj;784;V040784;NA;NA;V040784;NA;14;19.78;13.5;;;;oui
uuid:ea2886e4-abb6-4e47-bc5a-ad3c395c0ca5;uuid:ea2886e4-abb6-4e47-bc5a-ad3c395c0ca5/poussin[6];bcj;785;V040785;NA;NA;V040785;NA;14;20.29;15.4;;;;non
uuid:c118a7a7-0aea-4714-9daa-34da7c038be9;uuid:c118a7a7-0aea-4714-9daa-34da7c038be9/poussin[1];bcj;701;V041701;NA;NA;V041701;3;15;18.8;13.7;;;;oui
uuid:c118a7a7-0aea-4714-9daa-34da7c038be9;uuid:c118a7a7-0aea-4714-9daa-34da7c038be9/poussin[2];bcj;702;V041702;NA;NA;V041702;3;13;NA;10.1;;Bagué à gauche;;oui
uuid:c118a7a7-0aea-4714-9daa-34da7c038be9;uuid:c118a7a7-0aea-4714-9daa-34da7c038be9/poussin[3];bcj;703;V041703;NA;NA;V041703;3;14;18.3;13.5;;;;oui
uuid:c118a7a7-0aea-4714-9daa-34da7c038be9;uuid:c118a7a7-0aea-4714-9daa-34da7c038be9/poussin[4];bcj;704;V041704;NA;NA;V041704;3;13;18.4;11.7;;;;oui
uuid:c118a7a7-0aea-4714-9daa-34da7c038be9;uuid:c118a7a7-0aea-4714-9daa-34da7c038be9/poussin[5];bcj;705;V041705;NA;NA;V041705;3;14;18.65;13.5;;;;non
uuid:465cb475-4904-4da6-a55f-ebe4d6b7bec3;uuid:465cb475-4904-4da6-a55f-ebe4d6b7bec3/poussin[1];bcj;413;V041413;NA;NA;V041413;3;15;19.15;14.5;;;;oui
uuid:465cb475-4904-4da6-a55f-ebe4d6b7bec3;uuid:465cb475-4904-4da6-a55f-ebe4d6b7bec3/poussin[2];bcj;414;V041414;NA;NA;V041414;3;14.5;19.1;13.4;;;;oui
uuid:465cb475-4904-4da6-a55f-ebe4d6b7bec3;uuid:465cb475-4904-4da6-a55f-ebe4d6b7bec3/poussin[3];bcj;415;V041415;NA;NA;V041415;3;14;19.8;15.1;;;;oui
uuid:465cb475-4904-4da6-a55f-ebe4d6b7bec3;uuid:465cb475-4904-4da6-a55f-ebe4d6b7bec3/poussin[4];bcj;416;V041416;NA;NA;V041416;3;15;18.95;13.4;;;;oui
uuid:465cb475-4904-4da6-a55f-ebe4d6b7bec3;uuid:465cb475-4904-4da6-a55f-ebe4d6b7bec3/poussin[5];bcj;417;V041417;NA;NA;V041417;3;15;19.2;15;;;;oui
uuid:465cb475-4904-4da6-a55f-ebe4d6b7bec3;uuid:465cb475-4904-4da6-a55f-ebe4d6b7bec3/poussin[6];bcj;418;V041418;NA;NA;V041418;3;15;19.3;15.5;;;;oui
uuid:465cb475-4904-4da6-a55f-ebe4d6b7bec3;uuid:465cb475-4904-4da6-a55f-ebe4d6b7bec3/poussin[7];bcj;419;V041419;NA;NA;V041419;3;15;19.6;14.4;;;;oui
uuid:465cb475-4904-4da6-a55f-ebe4d6b7bec3;uuid:465cb475-4904-4da6-a55f-ebe4d6b7bec3/poussin[8];bcj;421;V041421;NA;NA;V041421;3;15.5;19.7;14.8;;La bague V041420 a été posée sur le mâle adulte de mos23;;non
uuid:96f67445-a0ac-411a-aa71-e9728c58c7e0;uuid:96f67445-a0ac-411a-aa71-e9728c58c7e0/poussin[1];bcj;801;V071801;NA;NA;V071801;NA;15;19.6;16.3;;;;oui
uuid:96f67445-a0ac-411a-aa71-e9728c58c7e0;uuid:96f67445-a0ac-411a-aa71-e9728c58c7e0/poussin[2];bcj;802;V071802;NA;NA;V071802;NA;15;20.2;17.6;;;;oui
uuid:96f67445-a0ac-411a-aa71-e9728c58c7e0;uuid:96f67445-a0ac-411a-aa71-e9728c58c7e0/poussin[3];bcj;803;V071803;NA;NA;V071803;3;15;19.5;15.5;;;;oui
uuid:96f67445-a0ac-411a-aa71-e9728c58c7e0;uuid:96f67445-a0ac-411a-aa71-e9728c58c7e0/poussin[4];bcj;804;V071804;NA;NA;V071804;NA;15;19.6;15.8;;;;non
uuid:76114b71-3d1e-42b3-a07f-e627bc8cd829;uuid:76114b71-3d1e-42b3-a07f-e627bc8cd829/poussin[1];bcj;772;V040772;NA;NA;V040772;3;15;19.9;13.2;;;;oui
uuid:76114b71-3d1e-42b3-a07f-e627bc8cd829;uuid:76114b71-3d1e-42b3-a07f-e627bc8cd829/poussin[2];bcj;773;V040773;NA;NA;V040773;3;13;18.33;11.9;;;;oui
uuid:76114b71-3d1e-42b3-a07f-e627bc8cd829;uuid:76114b71-3d1e-42b3-a07f-e627bc8cd829/poussin[3];bcj;774;V040774;NA;NA;V040774;3;15;19.18;13.1;;;;oui
uuid:76114b71-3d1e-42b3-a07f-e627bc8cd829;uuid:76114b71-3d1e-42b3-a07f-e627bc8cd829/poussin[4];bcj;775;V040775;NA;NA;V040775;3;15;18.54;15.8;;;;oui
uuid:76114b71-3d1e-42b3-a07f-e627bc8cd829;uuid:76114b71-3d1e-42b3-a07f-e627bc8cd829/poussin[5];bcj;776;V040776;NA;NA;V040776;3;14;18.17;12.2;;;;oui
uuid:76114b71-3d1e-42b3-a07f-e627bc8cd829;uuid:76114b71-3d1e-42b3-a07f-e627bc8cd829/poussin[6];bcj;777;V040777;NA;NA;V040777;3;15;19.15;12.9;;;;oui
uuid:76114b71-3d1e-42b3-a07f-e627bc8cd829;uuid:76114b71-3d1e-42b3-a07f-e627bc8cd829/poussin[7];bcj;778;V040778;NA;NA;V040778;3;13.5;17.83;10.7;;;;oui
uuid:76114b71-3d1e-42b3-a07f-e627bc8cd829;uuid:76114b71-3d1e-42b3-a07f-e627bc8cd829/poussin[8];bcj;779;V040779;NA;NA;V040779;3;14;19.22;12.7;;;;non
uuid:0b9a621a-9bc1-48c8-932e-ac0ab73e78ad;uuid:0b9a621a-9bc1-48c8-932e-ac0ab73e78ad/poussin[1];bcj;769;V040769;NA;NA;V040769;NA;14.5;19.38;17.5;;;;oui
uuid:0b9a621a-9bc1-48c8-932e-ac0ab73e78ad;uuid:0b9a621a-9bc1-48c8-932e-ac0ab73e78ad/poussin[2];bcj;770;V040770;NA;NA;V040770;NA;15;19.72;18.5;;;;oui
uuid:0b9a621a-9bc1-48c8-932e-ac0ab73e78ad;uuid:0b9a621a-9bc1-48c8-932e-ac0ab73e78ad/poussin[3];bcj;771;V040771;NA;NA;V040771;NA;15;19.78;16.1;;;;non
uuid:ea767fbe-4bbb-406d-b1f9-245e0385bf26;uuid:ea767fbe-4bbb-406d-b1f9-245e0385bf26/poussin[1];bcj;410;V041410;NA;NA;V041410;3;14;19.3;16.7;;;;oui
uuid:ea767fbe-4bbb-406d-b1f9-245e0385bf26;uuid:ea767fbe-4bbb-406d-b1f9-245e0385bf26/poussin[2];bcj;411;V041411;NA;NA;V041411;3;15;19.1;17.7;;;;oui
uuid:ea767fbe-4bbb-406d-b1f9-245e0385bf26;uuid:ea767fbe-4bbb-406d-b1f9-245e0385bf26/poussin[3];bcj;412;V041412;NA;NA;V041412;3;15;19.2;16.7;;;;non
