start;username;end;info_nest_date_brute;info_nest_date_mesure;info_nest_lieu;info_nest_nic;info_nest_nic_hs;capture_espece;capture_espece_autre;capture_heure;capture_fil;capture_cap_com;capture_agressivite;capture_obs_agr;capture_rr;capture_hrr;capture_rr1;capture_rr2;capture_obs_rr;capture_of;capture_hsas;capture_hof;id_adult_action;id_adult_ct_ind;id_adult_label_ct_ind;id_adult_bcj_ind;id_adult_bague;id_adult_last_mesure;id_adult_last_date;id_adult_sang_ok;id_adult_sang_ok2;info_adult_bag_coul;info_adult_action_bague_coul;info_adult_bague_coul;info_adult_sex;info_adult_age;info_adult_temp;info_adult_id_com;info_adult_id_img;id_measure_heure_meas;id_measure_obs;id_measure_aile;id_measure_queue;id_measure_tarse_d;id_measure_tarse_g;id_measure_masse;id_measure_meas_com;id_sample_sang_ok3;id_sample_spl_label;id_sample_plume_couleur;id_sample_plume_isotope;id_sample_cog;id_sample_prise_sang;id_sample_quantite_sang;id_sample_sang_upd;id_sample_collect;id_sample_coll_com;cravate_pic_crav;cravate_cravate_img1;cravate_cravate_img2;cravate_cravate_img3;meta_instance_id;meta_instance_name;meta_entity_label;id;system_submission_date;system_updated_at;system_submitter_id;system_submitter_name;system_attachments_present;system_attachments_expected;system_status;system_review_state;system_device_id;system_edits;system_form_version;system_deleted_at;odata_context
2026-05-04 09:37:29.855;;2026-05-04 09:40:02.845;2026-05-04 02:00:00;04/05/2026;mtmr;8;;cha;;08:45:00.000+02:00;0;Trappe;0.5;Sc;non;;;;;non;;;bcj;;;10174542;10174542;;;;;non;;;1;J;12;Pluie. Poussins kidnappés pour nurserie;NA;09:06:00.000+02:00;Ac;75;62;19.48;19.45;16.5;;;;oui;non;non;2;0;non;;;oui;C:/Users/FARGEVIEILLE/Documents/GitHub/odk_outputs/formulaires/morph_android/tmp/media/1777880389765.jpg;C:/Users/FARGEVIEILLE/Documents/GitHub/odk_outputs/formulaires/morph_android/tmp/media/1777880395626.jpg;NA;uuid:c94ca26c-86ba-47ca-8f2f-d052d2d5c240;MORPH_04/05/2026_mtmr8_1;10174542;uuid:c94ca26c-86ba-47ca-8f2f-d052d2d5c240;2026-05-04T09:27:53.976Z;;2012;Montpellier;2;2;;;collect:wxJnwbYukgnLbwXx;0;0.24;;https://odk.gedeop.inrae.fr/v1/projects/13/forms/adultes_mtp.svc/$metadata#Submissions
2026-05-04 09:33:52.888;;2026-05-04 09:37:26.231;2026-05-04 02:00:00;04/05/2026;mtmr;8;;cha;;08:30:00.000+02:00;0;Baton;3;AC;oui;08:35:00.000+02:00;11.62;11.47;AC;non;;;bcj;;;10174541;10174541;;;;;non;;;2;J;12;Bagage sous la pluie.. plumes ailes abimees (coupées);NA;08:35:00.000+02:00;AC;71;55.5;19.72;;17.3;;;;oui;non;non;0;;;;;oui;C:/Users/FARGEVIEILLE/Documents/GitHub/odk_outputs/formulaires/morph_android/tmp/media/1777880233827.jpg;C:/Users/FARGEVIEILLE/Documents/GitHub/odk_outputs/formulaires/morph_android/tmp/media/1777880240163.jpg;NA;uuid:78ad883c-13e1-439e-a291-067cd24c3411;MORPH_04/05/2026_mtmr8_2;10174541;uuid:78ad883c-13e1-439e-a291-067cd24c3411;2026-05-04T09:27:46.743Z;;2012;Montpellier;2;2;;;collect:wxJnwbYukgnLbwXx;0;0.24;;https://odk.gedeop.inrae.fr/v1/projects/13/forms/adultes_mtp.svc/$metadata#Submissions
2026-05-03 12:21:36.254;AFA;2026-05-03 12:25:54.959;2026-05-03 02:00:00;03/05/2026;mos;18;;cha;;12:21:00.000+02:00;1;logger 2b f 077;;;non;;;;;non;;;bcj;;;10423803;10423803;;;;;non;;;2;A;;;NA;12:22:00.000+02:00;sylvain bost;72;62.5;;19.35;16.7;;;;non;non;non;0;;;;;non;NA;NA;NA;uuid:7873437b-27d7-4ce0-8cd8-cdf19bfbd841;MORPH_03/05/2026_mos18_2;10423803;uuid:7873437b-27d7-4ce0-8cd8-cdf19bfbd841;2026-05-03T10:25:56.503Z;;2012;Montpellier;0;0;;;collect:cDACj3o1iJsRk2rc;0;0.24;;https://odk.gedeop.inrae.fr/v1/projects/13/forms/adultes_mtp.svc/$metadata#Submissions
2026-05-03 11:31:02.24;TabA11_bleue ;2026-05-03 11:37:34.911;2026-05-03 02:00:00;03/05/2026;rou;91;;ble;;11:24:00.000+02:00;0;;3;Fb;oui;11:33:00.000+02:00;15.07;14.46;Fb;non;;;ct;13a6179f-2bdb-4a5d-bd48-ec6fccc8682e;9974248;;9974248;09/05/2025;;oui;;non;;;1;A;;;NA;11:35:00.000+02:00;Fb;67;53;17.61;17.67;10.1;;;;oui;non;non;0;;;;;;NA;NA;NA;uuid:2fcefb37-ca05-4046-bd6d-a9e5e75e9eb3;MORPH_03/05/2026_rou91_1;9974248;uuid:2fcefb37-ca05-4046-bd6d-a9e5e75e9eb3;2026-05-03T10:25:53.194Z;;2012;Montpellier;0;0;;;collect:E1z5bjB24lRoig11;0;0.24;;https://odk.gedeop.inrae.fr/v1/projects/13/forms/adultes_mtp.svc/$metadata#Submissions
2026-05-03 11:08:55.911;TabA11_bleue ;2026-05-03 11:16:48.278;2026-05-03 02:00:00;03/05/2026;rou;91;;ble;;11:04:00.000+02:00;0;;1.5;Fb;oui;;15.63;15.13;Fb;non;;;ct;f8a2c8fe-4395-4ab9-a73b-913235f6afad;9283024;;9283024;05/05/2024;;oui;;non;;;2;A;;;NA;11:13:00.000+02:00;Fb;64.5;53;16.86;16.91;9.2;;;;oui;non;non;0;;;;;;NA;NA;NA;uuid:d7e8dd13-0f5e-4008-8f16-490061dce1c2;MORPH_03/05/2026_rou91_2;9283024;uuid:d7e8dd13-0f5e-4008-8f16-490061dce1c2;2026-05-03T10:25:52.975Z;;2012;Montpellier;0;0;;;collect:E1z5bjB24lRoig11;0;0.24;;https://odk.gedeop.inrae.fr/v1/projects/13/forms/adultes_mtp.svc/$metadata#Submissions
2026-05-03 10:30:13.104;TabA11_bleue ;2026-05-03 10:43:33.574;2026-05-03 02:00:00;03/05/2026;rou;226;;ble;;10:24:00.000+02:00;0;;2;Fb;oui;10:32:00.000+02:00;12.2;12.65;;;;;ct;;;10174364;10174364;;;;;non;;;1;J;;;NA;10:34:00.000+02:00;Fb;66.5;54.5;17.38;17.4;10.5;;;;;;;1;12;oui;;;;NA;NA;NA;uuid:b699c207-4f37-41c1-ab1e-addf477d1c7d;MORPH_03/05/2026_rou226_1;10174364;uuid:b699c207-4f37-41c1-ab1e-addf477d1c7d;2026-05-03T10:25:52.761Z;;2012;Montpellier;0;0;;;collect:E1z5bjB24lRoig11;0;0.24;;https://odk.gedeop.inrae.fr/v1/projects/13/forms/adultes_mtp.svc/$metadata#Submissions
2026-05-03 09:28:00.107;TabA11_bleue ;2026-05-03 09:38:13.178;2026-05-03 02:00:00;03/05/2026;rou;226;;ble;;09:22:00.000+02:00;0;;1;Fb;oui;09:28:00.000+02:00;16.11;15.89;Fb;non;;;ct;5f5df1fb-ff60-46f3-b22e-eb5fa36f1d46;NA;10174492;10174492;;;;;non;;;2;J;;;NA;09:31:00.000+02:00;Fb;62;50.5;16.25;16.26;10.3;;;;oui;non;non;1;15;oui;;;;NA;NA;NA;uuid:3c647385-e64f-4cdd-aa4b-23cec5dfdca4;MORPH_03/05/2026_rou226_2;10174492;uuid:3c647385-e64f-4cdd-aa4b-23cec5dfdca4;2026-05-03T10:25:52.565Z;;2012;Montpellier;0;0;;;collect:E1z5bjB24lRoig11;0;0.24;;https://odk.gedeop.inrae.fr/v1/projects/13/forms/adultes_mtp.svc/$metadata#Submissions
2026-05-02 12:41:07.548;TabA11_bleue;2026-05-02 12:54:55.507;2026-05-02 02:00:00;02/05/2026;rou;80;;ble;;12:38:00.000+02:00;0;;1.5;Fb;non;;;;;non;;;ct;dfad2a43-d54c-4669-87a5-e4ad852e0144;8802275;;8802275;02/05/2026;;non;;non;;;2;A;;TARSE DROIT CASSÉ PENDANT MANIP;NA;12:48:00.000+02:00;Fb;;;;;10;;;;non;non;non;0;;;;;;NA;NA;NA;uuid:85a6d357-bdaa-4a18-b512-2c987c145a6e;MORPH_02/05/2026_rou80_2;8802275;uuid:896f671e-5651-4488-a5f0-28bbb3e14d83;2026-05-03T10:25:51.808Z;2026-05-03T10:25:52.047Z;2012;Montpellier;0;0;;edited;collect:E1z5bjB24lRoig11;1;0.24;;https://odk.gedeop.inrae.fr/v1/projects/13/forms/adultes_mtp.svc/$metadata#Submissions
2026-05-02 11:57:22.996;TabA11_bleue ;2026-05-02 12:09:33.429;2026-05-02 02:00:00;02/05/2026;rou;80;;ble;;11:54:00.000+02:00;0;;2.5;Fb;oui;11:59:00.000+02:00;14.45;14.3;Fb;non;;;ct;;;9485718;9485718;;;;;non;;;1;J;;;NA;12:02:00.000+02:00;Fb;67;51.5;17.77;17.75;10.7;;;;oui;non;non;1;15;oui;;;;NA;NA;NA;uuid:245214e8-2434-409d-b4c6-30b515151e2d;MORPH_02/05/2026_rou80_1;9485718;uuid:245214e8-2434-409d-b4c6-30b515151e2d;2026-05-03T10:25:51.259Z;;2012;Montpellier;0;0;;;collect:E1z5bjB24lRoig11;0;0.24;;https://odk.gedeop.inrae.fr/v1/projects/13/forms/adultes_mtp.svc/$metadata#Submissions
2026-05-02 10:40:15.919;TabA11_bleue ;2026-05-02 10:53:29.975;2026-05-02 02:00:00;02/05/2026;rou;314;;ble;;10:36:00.000+02:00;0;;1.5;Fb;oui;10:41:00.000+02:00;13.15;12.9;Fb;non;;;ct;;;9486457;9486457;;;;;non;;;1;J;;;NA;10:45:00.000+02:00;Fb;63;;17.94;18;10.6;Queue très usée, pas mesurable;;;oui;non;non;1;25;oui;;;;NA;NA;NA;uuid:bd98b069-34db-4a39-aed2-3b71faa54c7b;MORPH_02/05/2026_rou314_1;9486457;uuid:bd98b069-34db-4a39-aed2-3b71faa54c7b;2026-05-03T10:25:50.642Z;;2012;Montpellier;0;0;;;collect:E1z5bjB24lRoig11;0;0.24;;https://odk.gedeop.inrae.fr/v1/projects/13/forms/adultes_mtp.svc/$metadata#Submissions
2026-05-02 09:48:26.186;TabA11_bleue ;2026-05-02 09:55:49.783;2026-05-02 02:00:00;02/05/2026;rou;49;;ble;;09:45:00.000+02:00;0;;1.5;Fb;oui;09:50:00.000+02:00;11.21;10.38;Fb;non;;;ct;5a59802d-b823-4139-9022-0a5299146092;8863305;;8863305;07/05/2025;;oui;;non;;;2;A;;;NA;09:51:00.000+02:00;Fb;64.5;52.5;16.5;16.48;10.4;;;;oui;non;non;0;;;;;;NA;NA;NA;uuid:b7445b1d-ab7b-44da-89cd-500c22b43909;MORPH_02/05/2026_rou49_2;8863305;uuid:b7445b1d-ab7b-44da-89cd-500c22b43909;2026-05-03T10:25:50.420Z;;2012;Montpellier;0;0;;;collect:E1z5bjB24lRoig11;0;0.24;;https://odk.gedeop.inrae.fr/v1/projects/13/forms/adultes_mtp.svc/$metadata#Submissions
2026-05-02 08:52:26.959;TabA11_bleue ;2026-05-02 09:05:46.416;2026-05-02 02:00:00;02/05/2026;rou;51;;ble;;08:48:00.000+02:00;0;;2.5;Fb;oui;08:53:00.000+02:00;13.07;13.57;Fb;non;;;ct;;;9485742;9485742;;;;;non;;;2;J;;;NA;08:56:00.000+02:00;Fb;63.5;60.5;16.62;16.59;9.7;;;;;;;1;10;oui;;;;NA;NA;NA;uuid:be50b5b5-1a56-4cf6-a56d-42aadb95fdd9;MORPH_02/05/2026_rou51_2;9485742;uuid:be50b5b5-1a56-4cf6-a56d-42aadb95fdd9;2026-05-03T10:25:50.119Z;;2012;Montpellier;0;0;;;collect:E1z5bjB24lRoig11;0;0.24;;https://odk.gedeop.inrae.fr/v1/projects/13/forms/adultes_mtp.svc/$metadata#Submissions
2026-05-03 09:47:57.914;AFA;2026-05-03 09:58:54.984;2026-05-03 02:00:00;03/05/2026;zoo;14;;cha;;09:48:00.000+02:00;1;;2;cf;oui;09:48:00.000+02:00;14.32;15.3;cf;non;;;ct;;;10423801;10423801;;;;;oui;bcj;u91;1;J;;;NA;09:52:00.000+02:00;cf;77;65;20.86;20.84;18.3;;;;oui;non;non;2;15;oui;;;oui;C:/Users/FARGEVIEILLE/Documents/GitHub/odk_outputs/formulaires/morph_android/tmp/media/1777795117345.jpg;C:/Users/FARGEVIEILLE/Documents/GitHub/odk_outputs/formulaires/morph_android/tmp/media/1777795125375.jpg;NA;uuid:9f2a32ef-0ddb-4699-8396-3b0d4dd0efbb;MORPH_03/05/2026_zoo14_1;10423801;uuid:9f2a32ef-0ddb-4699-8396-3b0d4dd0efbb;2026-05-03T07:59:34.960Z;;2012;Montpellier;2;2;;;collect:cDACj3o1iJsRk2rc;0;0.24;;https://odk.gedeop.inrae.fr/v1/projects/13/forms/adultes_mtp.svc/$metadata#Submissions
2026-05-03 09:28:34.629;AFA;2026-05-03 09:36:35.986;2026-05-03 02:00:00;03/05/2026;zoo;14;;cha;;09:28:00.000+02:00;0;;3;CF;oui;09:28:00.000+02:00;15.55;14.22;CF;non;;;ct;49b6c971-7c7b-4cf9-a2bb-ee7cade804ce;V021914;;V021914;29/04/2026;;;;oui;bcj;X79;2;A;;;NA;09:32:00.000+02:00;CF;72;61;18.57;18.55;14.7;;;;oui;non;non;0;;;;;oui;C:/Users/FARGEVIEILLE/Documents/GitHub/odk_outputs/formulaires/morph_android/tmp/media/1777793779584.jpg;NA;NA;uuid:3d59b0a0-8e99-4830-8ffa-fd4aadc7de8b;MORPH_03/05/2026_zoo14_2;V021914;uuid:3d59b0a0-8e99-4830-8ffa-fd4aadc7de8b;2026-05-03T07:36:44.408Z;;2012;Montpellier;1;1;;;collect:drwlZU1SmuV0GUnx;0;0.24;;https://odk.gedeop.inrae.fr/v1/projects/13/forms/adultes_mtp.svc/$metadata#Submissions
2026-05-02 10:48:38.295;AFA;2026-05-02 11:01:16.766;2026-05-02 02:00:00;02/05/2026;fac;22;;cha;;10:48:00.000+02:00;0;;3;;oui;10:49:00.000+02:00;14.57;14.16;SB;non;;;bcj;;;10423802;10423802;;;;;oui;bcj;M93;2;J;;;NA;10:54:00.000+02:00;SB;73.5;62;19.17;19.1;16.6;;;;oui;non;non;2;20;oui;;;oui;C:/Users/FARGEVIEILLE/Documents/GitHub/odk_outputs/formulaires/morph_android/tmp/media/1777712444021.jpg;C:/Users/FARGEVIEILLE/Documents/GitHub/odk_outputs/formulaires/morph_android/tmp/media/1777712457599.jpg;NA;uuid:d137528e-d127-401b-9f98-255a31bdbfc6;MORPH_02/05/2026_fac22_2;10423802;uuid:d137528e-d127-401b-9f98-255a31bdbfc6;2026-05-02T09:01:25.693Z;;2012;Montpellier;2;2;;;collect:drwlZU1SmuV0GUnx;0;0.24;;https://odk.gedeop.inrae.fr/v1/projects/13/forms/adultes_mtp.svc/$metadata#Submissions
2026-05-02 10:36:38.386;AFA;2026-05-02 11:02:05.275;2026-05-02 02:00:00;02/05/2026;fac;22;;cha;;10:36:00.000+02:00;0;;3;CF;oui;10:37:00.000+02:00;12.01;12.52;CF;non;;;ct;;;10174811;10174811;;;;;oui;bcj;M53;1;J;;;NA;10:40:00.000+02:00;CF;77;60.5;20.63;20.59;18.2;;;;oui;non;non;2;12;oui;;;oui;C:/Users/FARGEVIEILLE/Documents/GitHub/odk_outputs/formulaires/morph_android/tmp/media/1777711512859.jpg;C:/Users/FARGEVIEILLE/Documents/GitHub/odk_outputs/formulaires/morph_android/tmp/media/1777711522230.jpg;NA;uuid:cfba47b3-aca7-4cf9-927d-9d516825514e;MORPH_02/05/2026_fac22_1;10174811;uuid:998b2dc3-3dd9-4b4b-bdf3-7b4a6e6e5271;2026-05-02T08:46:08.767Z;2026-05-02T09:02:11.533Z;2012;Montpellier;2;2;;edited;collect:drwlZU1SmuV0GUnx;1;0.24;;https://odk.gedeop.inrae.fr/v1/projects/13/forms/adultes_mtp.svc/$metadata#Submissions
2026-05-02 10:00:09.115;;2026-05-02 10:05:06.655;2026-05-02 02:00:00;02/05/2026;gram;25;;ble;;09:55:00.000+02:00;0;;3;Sp;oui;10:00:00.000+02:00;10.05;10.41;Sp;non;;;ct;1920408d-a9f2-4ac1-95e5-e1d1a0faba53;9298784;;9298784;30/04/2025;;non;;non;;;1;A;;;NA;10:02:00.000+02:00;Sp;68;60;16.2;16.2;11.3;;;;non;non;non;0;;;;;;NA;NA;NA;uuid:15ac9675-9cd2-4e60-ae0b-a9f20de6e568;MORPH_02/05/2026_gram25_1;9298784;uuid:15ac9675-9cd2-4e60-ae0b-a9f20de6e568;2026-05-02T08:05:07.355Z;;2012;Montpellier;0;0;;;collect:46tBIwu84SCqQ7Ob;0;0.24;;https://odk.gedeop.inrae.fr/v1/projects/13/forms/adultes_mtp.svc/$metadata#Submissions
2026-05-02 09:48:07.529;;2026-05-02 09:59:51.186;2026-05-02 02:00:00;02/05/2026;gram;25;;ble;;09:43:00.000+02:00;0;;1;Sp;oui;09:55:00.000+02:00;9.55;9.67;Sp;non;;;bcj;;;9485111;9485111;;;;;non;;;2;A;;;NA;09:57:00.000+02:00;Sp;61;48;15.7;15.7;10.5;;;;non;non;non;0;;;;;;NA;NA;NA;uuid:a793fda9-6cbd-4760-adc6-fc3e4c046679;MORPH_02/05/2026_gram25_2;9485111;uuid:a793fda9-6cbd-4760-adc6-fc3e4c046679;2026-05-02T07:59:52.239Z;;2012;Montpellier;0;0;;;collect:46tBIwu84SCqQ7Ob;0;0.24;;https://odk.gedeop.inrae.fr/v1/projects/13/forms/adultes_mtp.svc/$metadata#Submissions
2026-05-02 09:23:16.46;;2026-05-02 09:29:03.936;2026-05-02 02:00:00;02/05/2026;gram;2;;ble;;09:19:00.000+02:00;0;7 poussins de 13j;0.5;Sp;oui;09:25:00.000+02:00;13.1;13.4;So;non;;;bcj;;;9485110;9485110;;;;;non;;;2;J;;;NA;09:26:00.000+02:00;Sp;61;49;16.7;16.7;10.6;;;;non;non;non;0;;;;;;NA;NA;NA;uuid:798ed4da-34d3-42e1-9b49-729c93708e3e;MORPH_02/05/2026_gram2_2;9485110;uuid:798ed4da-34d3-42e1-9b49-729c93708e3e;2026-05-02T07:29:04.613Z;;2012;Montpellier;0;0;;;collect:46tBIwu84SCqQ7Ob;0;0.24;;https://odk.gedeop.inrae.fr/v1/projects/13/forms/adultes_mtp.svc/$metadata#Submissions
2026-05-02 09:03:39.865;;2026-05-02 09:11:19.593;2026-05-02 02:00:00;02/05/2026;gram;2;;ble;;07:57:00.000+02:00;0;;1.5;Sp;oui;09:04:00.000+02:00;10;9.75;Sp;non;;;bcj;;;9485109;9485109;;;;;non;;;1;J;;;NA;09:06:00.000+02:00;Sp;64.5;57;17.3;17.2;10.2;;;;non;non;non;0;;;;;;NA;NA;NA;uuid:b6e00922-4a72-4eae-86c8-5e1c6745a927;MORPH_02/05/2026_gram2_1;9485109;uuid:b6e00922-4a72-4eae-86c8-5e1c6745a927;2026-05-02T07:11:20.898Z;;2012;Montpellier;0;0;;;collect:46tBIwu84SCqQ7Ob;0;0.24;;https://odk.gedeop.inrae.fr/v1/projects/13/forms/adultes_mtp.svc/$metadata#Submissions
2026-04-30 17:34:05.361;AFA;2026-04-30 17:36:17.257;2026-04-30 02:00:00;30/04/2026;cef;8;;cha;;17:34:00.000+02:00;0;;;;non;;;;;non;;;ct;;;10352658;10352658;;;;;non;;;2;J;;;NA;17:35:00.000+02:00;CF;71;;19.35;;16.7;Émetteurs 1B;;;non;non;non;0;;;;;non;NA;NA;NA;uuid:0c6ff255-20f7-4570-bc8d-0dc413c2cd54;MORPH_30/04/2026_cef8_2;10352658;uuid:0c6ff255-20f7-4570-bc8d-0dc413c2cd54;2026-04-30T15:36:18.462Z;;2012;Montpellier;0;0;;;collect:drwlZU1SmuV0GUnx;0;0.24;;https://odk.gedeop.inrae.fr/v1/projects/13/forms/adultes_mtp.svc/$metadata#Submissions
2026-04-30 10:00:08.009;TabA11_bleue ;2026-04-30 11:24:15.107;2026-04-30 02:00:00;30/04/2026;rou;238;;ble;;08:56:00.000+02:00;0;;2;FB;oui;10:01:00.000+02:00;12.78;13.5;FB;non;;;ct;;;9283037;9283037;;;;;non;;;1;A;;;NA;10:04:00.000+02:00;FB;69.5;55.5;18.61;18.67;11.4;;;;oui;non;non;1;25;oui;;;;NA;NA;NA;uuid:c819f041-70f1-441b-8214-acc920b736dd;MORPH_30/04/2026_rou238_1;9283037;uuid:c819f041-70f1-441b-8214-acc920b736dd;2026-04-30T11:52:10.257Z;;2012;Montpellier;0;0;;;collect:E1z5bjB24lRoig11;0;0.24;;https://odk.gedeop.inrae.fr/v1/projects/13/forms/adultes_mtp.svc/$metadata#Submissions
2026-04-30 12:12:25.321;;2026-04-30 12:32:03.892;2026-04-30 02:00:00;30/04/2026;mas;42;;cha;;12:09:00.000+02:00;0;;3;Afa;oui;12:14:00.000+02:00;13.8;14.06;Sp;oui;12:15:00.000+02:00;12:17:00.000+02:00;bcj;;;10174243;10174243;;;;;oui;bcj;Pw2;2;A;;;NA;12:25:00.000+02:00;Sp;71;61;19.7;19.7;16.2;;;;oui;non;non;2;15;oui;;;oui;C:/Users/FARGEVIEILLE/Documents/GitHub/odk_outputs/formulaires/morph_android/tmp/media/1777545119399.jpg;NA;NA;uuid:ddab5fc9-42dd-47ef-891b-98cb652be34e;MORPH_30/04/2026_mas42_2;10174243;uuid:ddab5fc9-42dd-47ef-891b-98cb652be34e;2026-04-30T10:32:05.417Z;;2012;Montpellier;1;1;;;collect:46tBIwu84SCqQ7Ob;0;0.24;;https://odk.gedeop.inrae.fr/v1/projects/13/forms/adultes_mtp.svc/$metadata#Submissions
2026-04-30 10:50:17.071;AFA;2026-04-30 11:13:21.775;2026-04-30 02:00:00;30/04/2026;mas;17;;cha;;10:50:00.000+02:00;0;;3;SP;oui;10:55:00.000+02:00;11.25;12.5;SP;oui;10:56:00.000+02:00;10:58:00.000+02:00;ct;9d6af050-ac31-4d31-8eb7-f493beab1461;9485405;;9485405;07/06/2024;;oui;;oui;ct;T25;1;A;;;NA;11:06:00.000+02:00;AFA;78;66.5;20.15;20.15;17.3;;;;oui;non;non;2;12;oui;;;oui;C:/Users/FARGEVIEILLE/Documents/GitHub/odk_outputs/formulaires/morph_android/tmp/media/1777540376681.jpg;NA;NA;uuid:b59f6c33-5f4d-4d66-b021-c2cd9560561d;MORPH_30/04/2026_mas17_1;9485405;uuid:b59f6c33-5f4d-4d66-b021-c2cd9560561d;2026-04-30T09:13:53.132Z;;2012;Montpellier;1;1;;;collect:g4Y7g84VFkqFXQkF;0;0.24;;https://odk.gedeop.inrae.fr/v1/projects/13/forms/adultes_mtp.svc/$metadata#Submissions
2026-04-30 10:17:49.142;AFA;2026-04-30 10:22:50.495;2026-04-30 02:00:00;30/04/2026;font;12;;cha;;10:10:00.000+02:00;0;;1;SP;oui;10:17:00.000+02:00;15.4;15.3;SP;non;;;ct;a556c903-a1b6-4047-b57b-998f815bf102;9485409;;9485409;19/06/2024;;oui;;oui;ct;D97;2;A;17;;NA;10:19:00.000+02:00;SP;75;73;19.7;19.6;17.1;;;;oui;non;oui;0;;;;;oui;C:/Users/FARGEVIEILLE/Documents/GitHub/odk_outputs/formulaires/morph_android/tmp/media/1777537365414.jpg;NA;NA;uuid:9b15282e-e416-4444-a6be-17fde979030d;MORPH_30/04/2026_font12_2;9485409;uuid:9b15282e-e416-4444-a6be-17fde979030d;2026-04-30T08:23:00.775Z;;2012;Montpellier;1;1;;;collect:g4Y7g84VFkqFXQkF;0;0.24;;https://odk.gedeop.inrae.fr/v1/projects/13/forms/adultes_mtp.svc/$metadata#Submissions
2026-04-30 09:52:39.37;AFA;2026-04-30 10:16:33.241;2026-04-30 02:00:00;30/04/2026;font;12;;cha;;09:51:00.000+02:00;0;;1.5;AFA;oui;09:57:00.000+02:00;13.79;13.31;AFA;oui;09:59:00.000+02:00;10:01:00.000+02:00;bcj;;;10174244;10174244;;;;;oui;bcj;Px2;1;A;;;NA;10:10:00.000+02:00;Afa;76.5;67.5;19.65;19.65;16.4;;;;oui;non;non;2;10;oui;;;oui;C:/Users/FARGEVIEILLE/Documents/GitHub/odk_outputs/formulaires/morph_android/tmp/media/1777536987524.jpg;NA;NA;uuid:b36f30ae-db4b-432a-afd7-3d9353bd6fe6;MORPH_30/04/2026_font12_1;10174244;uuid:b36f30ae-db4b-432a-afd7-3d9353bd6fe6;2026-04-30T08:16:44.871Z;;2012;Montpellier;1;1;;;collect:g4Y7g84VFkqFXQkF;0;0.24;;https://odk.gedeop.inrae.fr/v1/projects/13/forms/adultes_mtp.svc/$metadata#Submissions
2026-04-30 09:09:58.174;AFA;2026-04-30 09:52:21.083;2026-04-30 02:00:00;30/04/2026;font;30;;cha;;09:08:00.000+02:00;0;;2;SP;oui;09:14:00.000+02:00;13.4;13.13;AFA;non;;;bcj;;;10174245;10174245;;;;;oui;bcj;PX7;2;J;15;Perte rectrices pochon;NA;09:21:00.000+02:00;AFA;73;;19.15;19.15;15.9;;;;oui;oui;non;2;15;oui;;;oui;C:/Users/FARGEVIEILLE/Documents/GitHub/odk_outputs/formulaires/morph_android/tmp/media/1777534195679.jpg;NA;NA;uuid:4ec04ba8-42f2-4ceb-ae80-ab74347c54ab;MORPH_30/04/2026_font30_2;10174245;uuid:4ec04ba8-42f2-4ceb-ae80-ab74347c54ab;2026-04-30T07:52:27.093Z;;2012;Montpellier;1;1;;;collect:g4Y7g84VFkqFXQkF;0;0.24;;https://odk.gedeop.inrae.fr/v1/projects/13/forms/adultes_mtp.svc/$metadata#Submissions
2026-04-30 09:40:04.77;AFA;2026-04-30 09:43:40.622;2026-04-30 02:00:00;30/04/2026;cef;8;;cha;;09:40:00.000+02:00;0;;;;oui;09:41:00.000+02:00;12.11;10.5;CF;non;;;ct;;;10352208;10352208;;;;;non;;;1;J;;;NA;09:43:00.000+02:00;CF;75;66;19.87;19.83;17.1;;;;non;non;non;0;;;;;non;NA;NA;NA;uuid:b85efecb-6ff4-414e-9f30-1a2d5bf45e2c;MORPH_30/04/2026_cef8_1;10352208;uuid:b85efecb-6ff4-414e-9f30-1a2d5bf45e2c;2026-04-30T07:43:41.486Z;;2012;Montpellier;0;0;;;collect:drwlZU1SmuV0GUnx;0;0.24;;https://odk.gedeop.inrae.fr/v1/projects/13/forms/adultes_mtp.svc/$metadata#Submissions
2026-04-29 11:17:16.765;AFA;2026-04-29 11:23:51.922;2026-04-29 02:00:00;29/04/2026;mos;42;;cha;;11:17:00.000+02:00;0;;1.5;;oui;11:17:00.000+02:00;12.95;13.9;Cf;non;;;ct;;;9298744;9298744;;;;;oui;ct;S13;2;A;;;NA;11:21:00.000+02:00;Cf;75;63.5;19.47;19.48;16.9;;;;oui;non;non;0;;;;;oui;C:/Users/FARGEVIEILLE/Documents/GitHub/odk_outputs/formulaires/morph_android/tmp/media/1777454609677.jpg;C:/Users/FARGEVIEILLE/Documents/GitHub/odk_outputs/formulaires/morph_android/tmp/media/1777454620977.jpg;NA;uuid:64622155-7b76-4e6b-8961-e1dad1089c73;MORPH_29/04/2026_mos42_2;9298744;uuid:64622155-7b76-4e6b-8961-e1dad1089c73;2026-04-29T09:24:06.790Z;;2012;Montpellier;2;2;;;collect:SxQFe6h70Xn544du;0;0.24;;https://odk.gedeop.inrae.fr/v1/projects/13/forms/adultes_mtp.svc/$metadata#Submissions
2026-04-29 11:01:56.273;AFA;2026-04-29 11:08:38.615;2026-04-29 02:00:00;29/04/2026;mos;42;;cha;;11:02:00.000+02:00;0;;3;CF;oui;11:02:00.000+02:00;12.48;12.56;CF;non;;;ct;;;9282333;9282333;;;;;oui;ct;T18;1;A;;;NA;11:05:00.000+02:00;Cf;75;63;19.7;;16.2;;;;oui;non;non;0;;;;;oui;C:/Users/FARGEVIEILLE/Documents/GitHub/odk_outputs/formulaires/morph_android/tmp/media/1777453699189.jpg;C:/Users/FARGEVIEILLE/Documents/GitHub/odk_outputs/formulaires/morph_android/tmp/media/1777453708744.jpg;NA;uuid:587d460e-a5d7-434e-918b-22497bace22c;MORPH_29/04/2026_mos42_1;9282333;uuid:587d460e-a5d7-434e-918b-22497bace22c;2026-04-29T09:08:53.231Z;;2012;Montpellier;2;2;;;collect:SxQFe6h70Xn544du;0;0.24;;https://odk.gedeop.inrae.fr/v1/projects/13/forms/adultes_mtp.svc/$metadata#Submissions
2026-04-29 09:07:57.887;AFA;2026-04-29 09:13:18.935;2026-04-29 02:00:00;29/04/2026;zoo;14;;cha;;09:08:00.000+02:00;0;;;;non;;;;;non;;;bcj;;;V021914;V021914;;;;;non;;;2;A;;Émetteur 7B;NA;09:09:00.000+02:00;Cf;71.5;;18.85;;15;;;;non;non;non;0;;;;;non;NA;NA;NA;uuid:5a5d5486-2c8a-4837-a69f-7ef4a5f39401;MORPH_29/04/2026_zoo14_2;V021914;uuid:4671656d-2933-432e-ac95-0e7414e2cdc9;2026-04-29T07:10:49.174Z;2026-04-29T07:13:19.808Z;2012;Montpellier;0;0;;edited;collect:SxQFe6h70Xn544du;1;0.24;;https://odk.gedeop.inrae.fr/v1/projects/13/forms/adultes_mtp.svc/$metadata#Submissions
2026-04-29 08:34:51.85;AFA;2026-04-29 09:07:47.256;2026-04-29 02:00:00;29/04/2026;zoo;14;;cha;;08:56:00.000+02:00;0;;1.5;CF9;non;;;;;non;;;bcj;;;10423801;10423801;;;;;non;;;1;J;;;NA;08:59:00.000+02:00;CF;77.5;;20.8;20.77;18.4;;;;non;non;non;0;;;;;non;NA;NA;NA;uuid:368ede90-8d3a-4688-aa3b-166bb13107c8;MORPH_29/04/2026_zoo14_1;10423801;uuid:7114509e-2cae-4e65-90bc-5f513679a0ff;2026-04-29T07:00:27.920Z;2026-04-29T07:07:48.303Z;2012;Montpellier;0;0;;edited;collect:SxQFe6h70Xn544du;1;0.24;;https://odk.gedeop.inrae.fr/v1/projects/13/forms/adultes_mtp.svc/$metadata#Submissions
2026-04-28 10:54:47.92;AFA;2026-04-28 11:11:00.857;2026-04-28 02:00:00;28/04/2026;mos;12;;cha;;10:50:00.000+02:00;0;;0;SP;oui;10:55:00.000+02:00;12.78;12.4;AFA;non;;;bcj;;;10174246;10174246;;;;;oui;bcj;PU1;2;A;;;NA;11:03:00.000+02:00;AFA;71;61;19.1;19.05;15.3;;;;oui;non;oui;2;20;oui;;;oui;C:/Users/FARGEVIEILLE/Documents/GitHub/odk_outputs/formulaires/morph_android/tmp/media/1777367415452.jpg;NA;NA;uuid:b25e6395-ab0a-40cb-8626-3c33a143b140;MORPH_28/04/2026_mos12_2;10174246;uuid:b25e6395-ab0a-40cb-8626-3c33a143b140;2026-04-28T09:11:04.653Z;;2012;Montpellier;1;1;;;collect:g4Y7g84VFkqFXQkF;0;0.24;;https://odk.gedeop.inrae.fr/v1/projects/13/forms/adultes_mtp.svc/$metadata#Submissions
2026-04-28 10:41:43.19;;2026-04-28 10:59:57.502;2026-04-28 02:00:00;28/04/2026;mos;12;;cha;;10:38:00.000+02:00;0;;2;Sp;oui;10:43:00.000+02:00;10.9;11.62;Sp;oui;10:44:00.000+02:00;10:46:00.000+02:00;ct;00365c86-c943-410d-8912-bf04d1a04b01;9485419;;9485419;22/01/2025;;oui;;oui;bcj;PM1;1;A;21;;NA;10:57:00.000+02:00;SP;76;64;21.1;21.1;16.8;;;;oui;non;non;0;;;;;oui;C:/Users/FARGEVIEILLE/Documents/GitHub/odk_outputs/formulaires/morph_android/tmp/media/1777366789637.jpg;NA;NA;uuid:d7cc49b2-1f10-4270-9022-1e5ad71acfe0;MORPH_28/04/2026_mos12_1;9485419;uuid:d7cc49b2-1f10-4270-9022-1e5ad71acfe0;2026-04-28T08:59:58.552Z;;2012;Montpellier;1;1;;;collect:46tBIwu84SCqQ7Ob;0;0.24;;https://odk.gedeop.inrae.fr/v1/projects/13/forms/adultes_mtp.svc/$metadata#Submissions
2026-04-28 09:31:11.056;;2026-04-28 09:48:30.653;2026-04-28 02:00:00;28/04/2026;mos;23;;cha;;09:17:00.000+02:00;0;;2.5;Sp;oui;09:25:00.000+02:00;10.43;10.56;Sp;oui;09:25:00.000+02:00;09:27:00.000+02:00;bcj;;;V041420;V041420;;;;;oui;bcj;PA6;1;A;;;NA;09:38:00.000+02:00;Sp;76;67;20;20;17.6;;;;oui;non;non;1;8;non;;;oui;C:/Users/FARGEVIEILLE/Documents/GitHub/odk_outputs/formulaires/morph_android/tmp/media/1777362496299.jpg;NA;NA;uuid:64af2f0d-1906-4047-9cfd-12a5032874e8;MORPH_28/04/2026_mos23_1;V041420;uuid:64af2f0d-1906-4047-9cfd-12a5032874e8;2026-04-28T07:48:32.628Z;;2012;Montpellier;1;1;;;collect:46tBIwu84SCqQ7Ob;0;0.24;;https://odk.gedeop.inrae.fr/v1/projects/13/forms/adultes_mtp.svc/$metadata#Submissions
2026-04-27 10:49:02.361;AFA;2026-04-27 11:23:51.697;2026-04-27 02:00:00;27/04/2026;fac;24;;cha;;10:46:00.000+02:00;0;6p11j;0.5;SP;oui;10:52:00.000+02:00;15.63;14.91;SP;non;;;ct;e0958c0c-7b5c-466e-891b-f7ec1f6475fb;9486313;;9486313;30/04/2025;;oui;;oui;ct;S53;1;A;;;NA;10:53:00.000+02:00;SP;77;67;21;20.9;17.44;Rémiges usées;;;oui;non;;0;;;;;oui;C:/Users/FARGEVIEILLE/Documents/GitHub/odk_outputs/formulaires/morph_android/tmp/media/1777280226529.jpg;NA;NA;uuid:d5e5e7cb-1c9e-4e87-8fb1-c49240690dcc;MORPH_27/04/2026_fac24_1;9486313;uuid:d5e5e7cb-1c9e-4e87-8fb1-c49240690dcc;2026-04-27T09:23:53.763Z;;2012;Montpellier;1;1;;;collect:g4Y7g84VFkqFXQkF;0;0.24;;https://odk.gedeop.inrae.fr/v1/projects/13/forms/adultes_mtp.svc/$metadata#Submissions
2026-04-27 10:36:33.692;AFA;2026-04-27 10:48:52.099;2026-04-27 02:00:00;27/04/2026;fac;24;;cha;;10:34:00.000+02:00;0;;3;Sp;oui;10:41:00.000+02:00;14.53;14;;;;;ct;541ebd7d-fd92-40b4-b382-974511ba2ca7;9486312;;9486312;28/04/2025;;oui;;oui;ct;S38;2;A;22;;NA;10:43:00.000+02:00;Afa;75;65;19.15;19.15;15.2;;;;oui;non;;0;;;;;oui;C:/Users/FARGEVIEILLE/Documents/GitHub/odk_outputs/formulaires/morph_android/tmp/media/1777279709504.jpg;NA;NA;uuid:c6a90fe9-5390-493a-83b5-85d6ba0f9379;MORPH_27/04/2026_fac24_2;9486312;uuid:c6a90fe9-5390-493a-83b5-85d6ba0f9379;2026-04-27T08:49:00.887Z;;2012;Montpellier;1;1;;;collect:g4Y7g84VFkqFXQkF;0;0.24;;https://odk.gedeop.inrae.fr/v1/projects/13/forms/adultes_mtp.svc/$metadata#Submissions
2026-04-27 10:00:44.443;;2026-04-27 10:15:27.183;2026-04-27 02:00:00;27/04/2026;cef;9;;cha;;09:58:00.000+02:00;0;;1;AC;oui;10:04:00.000+02:00;11.78;10.9;Ac;non;;;ct;e837a275-dd68-4b98-93c7-d188dc60173f;8184170;;8184170;18/06/2025;;oui;;oui;ct;H76;1;A;16;;NA;10:06:00.000+02:00;Ac;76;;20.17;20.13;17;N'a plus que 4 rectrices;;;oui;non;oui;0;;;;;oui;C:/Users/FARGEVIEILLE/Documents/GitHub/odk_outputs/formulaires/morph_android/tmp/media/1777277400038.jpg;NA;NA;uuid:b0c4c91b-3a6f-4256-8d57-7c4da2cb5ad8;MORPH_27/04/2026_cef9_1;8184170;uuid:b0c4c91b-3a6f-4256-8d57-7c4da2cb5ad8;2026-04-27T08:16:49.251Z;;2012;Montpellier;1;1;;;collect:wxJnwbYukgnLbwXx;0;0.24;;https://odk.gedeop.inrae.fr/v1/projects/13/forms/adultes_mtp.svc/$metadata#Submissions
2026-04-27 09:44:22.348;;2026-04-27 10:15:21.458;2026-04-27 02:00:00;27/04/2026;cef;9;;cha;;09:40:00.000+02:00;0;;3;AC;oui;09:45:00.000+02:00;12.97;13.9;Ac;non;;;ct;95781c57-8c22-4fe1-b2ab-cf8c3e95d0e5;9486039;;9486039;18/06/2025;;oui;;oui;ct;LE2;2;A;16;;NA;09:49:00.000+02:00;AC;74.5;62.5;19.33;19.37;16.8;A perdu des rectrices, plus que 5 presentes;;;oui;non;oui;0;;;;;oui;C:/Users/FARGEVIEILLE/Documents/GitHub/odk_outputs/formulaires/morph_android/tmp/media/1777276351430.jpg;NA;NA;uuid:89499cad-2e41-4777-a458-061f0fa054f0;MORPH_27/04/2026_cef9_2;9486039;uuid:89499cad-2e41-4777-a458-061f0fa054f0;2026-04-27T08:15:40.582Z;;2012;Montpellier;1;1;;;collect:wxJnwbYukgnLbwXx;0;0.24;;https://odk.gedeop.inrae.fr/v1/projects/13/forms/adultes_mtp.svc/$metadata#Submissions
2026-04-27 09:33:51.639;username not found;2026-04-27 18:32:56.843;2026-04-27 02:00:00;27/04/2026;mas;23;;cha;;09:25:00.000+02:00;0;;2.5;Sp;oui;09:34:00.000+02:00;10.5;10.84;Sp;non;;;bcj;;;10174247;10174247;;;;;oui;bcj;PL4;2;J;21;;NA;09:40:00.000+02:00;Sp;72;59;18.8;18.9;17.2;;;;oui;non;oui;2;15;oui;;;oui;C:/Users/FARGEVIEILLE/Documents/GitHub/odk_outputs/formulaires/morph_android/tmp/media/1777276086714.jpg;NA;NA;uuid:9ffe20ab-bfc3-4355-a148-60a75b2b666f;MORPH_27/04/2026_mas23_2;10174247;uuid:f20f4f8e-41b2-4885-809f-67f5c4d1bd4a;2026-04-27T07:48:17.383Z;2026-04-27T16:32:56.939Z;2012;Montpellier;1;1;;edited;collect:46tBIwu84SCqQ7Ob;1;0.24;;https://odk.gedeop.inrae.fr/v1/projects/13/forms/adultes_mtp.svc/$metadata#Submissions
2026-04-27 09:17:03.043;AFA;2026-04-27 09:45:00.741;2026-04-27 02:00:00;27/04/2026;mas;23;;cha;;09:16:00.000+02:00;0;;0;SP;oui;09:24:00.000+02:00;11.31;11.04;AFA;oui;09:25:00.000+02:00;09:27:00.000+02:00;bcj;;;10174248;10174248;;;;;oui;bcj;PC9;1;J;21;;NA;09:37:00.000+02:00;AFA;75;64;20.1;20.15;17.6;;;;oui;non;non;2;15;oui;;;oui;C:/Users/FARGEVIEILLE/Documents/GitHub/odk_outputs/formulaires/morph_android/tmp/media/1777275887254.jpg;NA;NA;uuid:d9463dfa-110d-44f4-82ed-5f6146ba0c24;MORPH_27/04/2026_mas23_1;10174248;uuid:d9463dfa-110d-44f4-82ed-5f6146ba0c24;2026-04-27T07:45:03.725Z;;2012;Montpellier;1;1;;;collect:g4Y7g84VFkqFXQkF;0;0.24;;https://odk.gedeop.inrae.fr/v1/projects/13/forms/adultes_mtp.svc/$metadata#Submissions
2026-04-24 10:43:32.5;;2026-04-24 18:25:25.509;2026-04-24 02:00:00;24/04/2026;gram;45;;cha;;10:40:00.000+02:00;0;;3;FB;oui;10:45:00.000+02:00;10.62;10.72;;;;;ct;05d6d408-fb0a-4e80-a4ee-0cbe3c9a5950;9298750;;9298750;08/05/2025;;non;;oui;ct;U36;1;A;;;NA;10:46:00.000+02:00;SP;79;69;20.1;19.9;17.4;;;;oui;non;oui;2;10;oui;;;oui;C:/Users/FARGEVIEILLE/Documents/GitHub/odk_outputs/formulaires/morph_android/tmp/media/1777020708952.jpg;NA;NA;uuid:5a3e25dc-b3c3-4ee5-a3ae-f068879a81c0;MORPH_24/04/2026_gram45_1;9298750;uuid:5a3e25dc-b3c3-4ee5-a3ae-f068879a81c0;2026-04-24T17:28:08.185Z;;2012;Montpellier;1;1;;;collect:piRoDBa8ZMF4sQFw;0;0.24;;https://odk.gedeop.inrae.fr/v1/projects/13/forms/adultes_mtp.svc/$metadata#Submissions
2026-04-24 10:24:14.278;AFA;2026-04-24 10:40:00.894;2026-04-24 02:00:00;24/04/2026;gram;45;;cha;;10:23:00.000+02:00;0;;2.5;SP;oui;10:29:00.000+02:00;11.35;11.15;AFA;non;;;bcj;;;10174249;10174249;;;;;oui;bcj;PM9;2;J;;;NA;10:33:00.000+02:00;SP;74;61.5;20;19.8;17.6;;;;oui;non;oui;2;12;oui;;;oui;C:/Users/FARGEVIEILLE/Documents/GitHub/odk_outputs/formulaires/morph_android/tmp/media/1777019885377.jpg;NA;NA;uuid:a247298a-9c11-42b6-8621-2d7ef8b19a3f;MORPH_24/04/2026_gram45_2;10174249;uuid:a247298a-9c11-42b6-8621-2d7ef8b19a3f;2026-04-24T08:40:29.683Z;;2012;Montpellier;1;1;;;collect:g4Y7g84VFkqFXQkF;0;0.24;;https://odk.gedeop.inrae.fr/v1/projects/13/forms/adultes_mtp.svc/$metadata#Submissions
2026-04-24 09:09:32.569;AFA;2026-04-24 09:31:08.605;2026-04-24 02:00:00;24/04/2026;mos;20;;cha;;09:07:00.000+02:00;0;;0;SP;oui;09:14:00.000+02:00;15.84;17.19;AFA;non;;;ct;7e986fbd-988f-44bc-b53a-44da65268351;8862734;;8862734;29/04/2025;;oui;;oui;ct;D82;2;A;;;NA;09:16:00.000+02:00;AFA;70.5;59;19.75;19.75;16;;;;oui;non;oui;0;;;;;oui;C:/Users/FARGEVIEILLE/Documents/GitHub/odk_outputs/formulaires/morph_android/tmp/media/1777015250575.jpg;NA;NA;uuid:897bb857-1e2e-445b-ad45-b9b5b103667b;MORPH_24/04/2026_mos20_2;8862734;uuid:897bb857-1e2e-445b-ad45-b9b5b103667b;2026-04-24T07:31:17.571Z;;2012;Montpellier;1;1;;;collect:g4Y7g84VFkqFXQkF;0;0.24;;https://odk.gedeop.inrae.fr/v1/projects/13/forms/adultes_mtp.svc/$metadata#Submissions
2026-04-24 09:18:31.863;;2026-04-24 09:29:53.668;2026-04-24 02:00:00;24/04/2026;mos;20;;cha;;09:10:00.000+02:00;0;;2;FB;oui;;17.12;18.63;AFA;;;;ct;88b20d49-db94-45b9-9ed2-72480821d362;9298739;;9298739;29/04/2025;;oui;;oui;ct;T76;1;A;;;NA;09:24:00.000+02:00;AFA;76.5;68;20.4;20.3;18;;;;oui;non;oui;0;;;;;oui;C:/Users/FARGEVIEILLE/Documents/GitHub/odk_outputs/formulaires/morph_android/tmp/media/1777015729484.jpg;NA;NA;uuid:c9c0e4a5-9fc3-4597-be1a-91f4958a4b84;MORPH_24/04/2026_mos20_1;9298739;uuid:c9c0e4a5-9fc3-4597-be1a-91f4958a4b84;2026-04-24T07:29:55.380Z;;2012;Montpellier;1;1;;;collect:piRoDBa8ZMF4sQFw;0;0.24;;https://odk.gedeop.inrae.fr/v1/projects/13/forms/adultes_mtp.svc/$metadata#Submissions
2026-04-24 08:26:22.141;;2026-04-24 08:42:10.252;2026-04-24 02:00:00;24/04/2026;cef;12;;cha;;08:10:00.000+02:00;0;Trappe;3;AC;oui;08:26:00.000+02:00;13.72;12.56;Ac;oui;08:28:00.000+02:00;08:31:00.000+02:00;ct;24017dd3-e8a5-4cf7-86ca-8dc5a3e0c66d;9488805;;9488805;16/06/2025;;oui;;oui;ct;T47;1;A;11;;NA;08:32:00.000+02:00;Ac;79.5;69;19.38;19.33;16.1;;;;oui;non;non;0;;;;;oui;C:/Users/FARGEVIEILLE/Documents/GitHub/odk_outputs/formulaires/morph_android/tmp/media/1777012821829.jpg;C:/Users/FARGEVIEILLE/Documents/GitHub/odk_outputs/formulaires/morph_android/tmp/media/1777012842373.jpg;NA;uuid:30fd3397-ffb6-4c5c-8093-e53d4f3a1af3;MORPH_24/04/2026_cef12_1;9488805;uuid:30fd3397-ffb6-4c5c-8093-e53d4f3a1af3;2026-04-24T06:42:14.915Z;;2012;Montpellier;2;2;;;collect:wxJnwbYukgnLbwXx;0;0.24;;https://odk.gedeop.inrae.fr/v1/projects/13/forms/adultes_mtp.svc/$metadata#Submissions
2026-04-24 08:16:18.051;;2026-04-24 08:41:34.607;2026-04-24 02:00:00;24/04/2026;cef;12;;cha;;08:02:00.000+02:00;0;;2.5;AC;oui;;;;Ac;oui;08:13:00.000+02:00;08:15:00.000+02:00;ct;;;9733887;9733887;;;;;oui;ct;Y39;2;A;11;;NA;08:20:00.000+02:00;AC;74;61;19.14;19.17;15.9;;;;non;non;non;0;;;;;oui;C:/Users/FARGEVIEILLE/Documents/GitHub/odk_outputs/formulaires/morph_android/tmp/media/1777011897805.jpg;NA;NA;uuid:6bde92cc-17a2-44dc-96c8-ffc38621be4c;MORPH_24/04/2026_cef12_2;9733887;uuid:6bde92cc-17a2-44dc-96c8-ffc38621be4c;2026-04-24T06:41:37.994Z;;2012;Montpellier;1;1;;;collect:wxJnwbYukgnLbwXx;0;0.24;;https://odk.gedeop.inrae.fr/v1/projects/13/forms/adultes_mtp.svc/$metadata#Submissions
2026-04-21 11:15:58.323;AFA;2026-04-21 11:31:32.942;2026-04-21 02:00:00;21/04/2026;zoo;10;;cha;;11:12:00.000+02:00;0;;0;SP;oui;11:19:00.000+02:00;9.72;9.5;Afa;non;;;ct;2f171e03-5da2-42d3-971b-f5ff96cd946a;9282422;;9282422;08/05/2025;;non;;oui;ct;G10;2;A;;;NA;11:21:00.000+02:00;Afa;76;63.5;19.85;19.8;16.8;;;;oui;non;oui;2;17;oui;;;oui;C:/Users/FARGEVIEILLE/Documents/GitHub/odk_outputs/formulaires/morph_android/tmp/media/1776763565933.jpg;NA;NA;uuid:c625645a-fe9d-4d26-9a25-6a19f2ab22d8;MORPH_21/04/2026_zoo10_2;9282422;uuid:c625645a-fe9d-4d26-9a25-6a19f2ab22d8;2026-04-21T09:32:04.855Z;;2012;Montpellier;1;1;;;collect:g4Y7g84VFkqFXQkF;0;0.24;;https://odk.gedeop.inrae.fr/v1/projects/13/forms/adultes_mtp.svc/$metadata#Submissions
2026-04-21 10:38:31.745;AFA;2026-04-21 11:01:45.664;2026-04-21 02:00:00;21/04/2026;zoo;10;;cha;;10:37:00.000+02:00;0;;0;SP;oui;10:43:00.000+02:00;12.5;12.37;SP;non;;;bcj;;;10174250;10174250;;;;;oui;bcj;PF5;1;A;;;NA;10:45:00.000+02:00;SP ;74;63;19.4;19.4;17.2;;;;oui;non;oui;2;30;oui;;;oui;C:/Users/FARGEVIEILLE/Documents/GitHub/odk_outputs/formulaires/morph_android/tmp/media/1776762055438.jpg;NA;NA;uuid:2dc63a6e-cc87-477b-ada3-ab7fd0c45520;MORPH_21/04/2026_zoo10_1;10174250;uuid:2dc63a6e-cc87-477b-ada3-ab7fd0c45520;2026-04-21T09:01:54.831Z;;2012;Montpellier;1;1;;;collect:g4Y7g84VFkqFXQkF;0;0.24;;https://odk.gedeop.inrae.fr/v1/projects/13/forms/adultes_mtp.svc/$metadata#Submissions
2026-04-20 11:52:17.39;AFA;2026-04-20 18:56:50.978;2026-04-20 02:00:00;20/04/2026;cef;5;;cha;;11:50:00.000+02:00;0;;2;SP;oui;11:56:00.000+02:00;12.13;12.5;FB;non;;;ct;;;9486498;9486498;;;;;non;;;2;J;19;;NA;11:58:00.000+02:00;FB;75.5;62;19.8;19.8;15.6;;;;oui;non;oui;1;25;oui;;;oui;C:/Users/FARGEVIEILLE/Documents/GitHub/odk_outputs/formulaires/morph_android/tmp/media/1776679472747.jpg;NA;NA;uuid:6558d922-5f0d-42ee-89a7-36a0cc3d59d9;MORPH_20/04/2026_cef5_2;9486498;uuid:1a28aa86-6a2a-4cfd-8a70-e42249503fe6;2026-04-20T11:18:13.790Z;2026-04-20T16:56:51.046Z;2012;Montpellier;1;1;;edited;collect:g4Y7g84VFkqFXQkF;1;0.22;;https://odk.gedeop.inrae.fr/v1/projects/13/forms/adultes_mtp.svc/$metadata#Submissions
2026-04-20 11:21:26.098;username not found;2026-04-20 18:54:48.351;2026-04-20 02:00:00;20/04/2026;cef;5;;cha;;11:21:00.000+02:00;0;;3;Afa;oui;11:26:00.000+02:00;14.78;15.28;FB;non;;;ct;;;9486177;9486177;;;;;oui;bcj;Y73;1;J;19;;NA;11:31:00.000+02:00;FB;76.5;65;19.9;19.8;18.6;;;;oui;non;oui;1;15;oui;;;oui;C:/Users/FARGEVIEILLE/Documents/GitHub/odk_outputs/formulaires/morph_android/tmp/media/1776678050962.jpg;NA;NA;uuid:0567960a-cb37-48d8-8c59-73d70ac0e084;MORPH_20/04/2026_cef5_1;9486177;uuid:04260b06-240c-4d88-b20d-1a64558c791c;2026-04-20T09:47:55.243Z;2026-04-20T16:54:48.426Z;2012;Montpellier;1;1;;edited;collect:piRoDBa8ZMF4sQFw;1;0.22;;https://odk.gedeop.inrae.fr/v1/projects/13/forms/adultes_mtp.svc/$metadata#Submissions
